,user,total
0,hank,1130.0136412271236
1,miss ellemer,23.75884187025281
2,jack,34.76808513221804
